{
  "female": {
    "child": {
      "n":  [16, 20, 23, 27, 31, 34, 38, 39, 40],
      "e":  [15, 18, 22, 27, 30, 32, 35, 38, 40],
      "c":  [15, 19, 21, 24, 26, 29, 31, 34, 40],
      "a":  [22, 25, 28, 29, 31, 34, 36, 38, 40],
      "o":  [21, 22, 24, 26, 29, 32, 35, 38, 40],
      "lm": [ 7,  9, 11, 12, 14, 16, 18, 22, 24],
      "sm": [11, 13, 15, 17, 18, 20, 21, 23, 24],
      "mm": [ 6,  7,  8, 10, 11, 14, 16, 23, 24],
      "h":  [ 6,  7,  8,  9, 11, 12, 13, 14, 16]
    },
    "young": {
      "n":  [14, 17, 20, 24, 28, 31, 35, 39, 40],
      "e":  [16, 19, 22, 25, 28, 31, 33, 37, 40],
      "c":  [18, 21, 23, 25, 27, 30, 32, 27, 40],
      "a":  [24, 26, 28, 29, 32, 34, 36, 39, 40],
      "o":  [20, 23, 25, 27, 30, 32, 35, 39, 40],
      "lm": [ 6,  8, 10, 12, 14, 16, 18, 21, 24],
      "sm": [10, 13, 15, 17, 18, 20, 22, 23, 24],
      "mm": [ 6,  7,  9, 10, 12, 14, 16, 21, 24],
      "h":  [ 5,  6,  8,  9, 10, 11, 13, 14, 16]
    },
    "old": {
      "n":  [12, 15, 18, 21, 25, 29, 32, 39, 40],
      "e":  [16, 18, 21, 24, 26, 29, 32, 33, 40],
      "c":  [18, 21, 23, 25, 27, 29, 31, 37, 40],
      "a":  [24, 25, 28, 29, 31, 34, 36, 39, 40],
      "o":  [19, 22, 25, 27, 29, 33, 35, 38, 40],
      "lm": [ 6,  7,  9, 11, 13, 15, 17, 23, 24],
      "sm": [11, 13, 14, 16, 18, 19, 22, 23, 24],
      "mm": [ 6,  7,  9, 10, 12, 14, 16, 19, 24],
      "h":  [ 5,  6,  7,  8,  9, 10, 11, 14, 16]
    }
  },

  "male": {
    "child": {
      "n":  [15, 16, 20, 24, 27, 30, 33, 39, 40],
      "e":  [13, 17, 20, 25, 29, 32, 35, 38, 40],
      "c":  [16, 19, 21, 23, 25, 27, 30, 33, 40],
      "a":  [23, 25, 26, 28, 31, 34, 36, 39, 40],
      "o":  [20, 23, 25, 28, 30, 32, 35, 39, 40],
      "lm": [ 6,  9, 11, 14, 15, 18, 22, 23, 24],
      "sm": [10, 11, 13, 15, 17, 19, 21, 23, 24],
      "mm": [ 7,  8, 10, 12, 14, 16, 19, 22, 24],
      "h":  [ 6,  7,  9, 10, 11, 12, 13, 15, 16]
    },
    "young": {
      "n":  [12, 14, 17, 20, 24, 28, 32, 38, 40],
      "e":  [14, 18, 21, 24, 27, 30, 33, 36, 40],
      "c":  [17, 20, 23, 25, 27, 29, 32, 35, 40],
      "a":  [22, 25, 27, 29, 31, 33, 35, 38, 40],
      "o":  [20, 23, 25, 28, 30, 33, 35, 38, 40],
      "lm": [ 7,  9, 11, 13, 15, 17, 19, 23, 24],
      "sm": [ 9, 11, 13, 15, 17, 19, 21, 23, 24],
      "mm": [ 7,  8, 10, 12, 14, 16, 18, 21, 24],
      "h":  [ 5,  6,  8,  9, 10, 12, 13, 15, 16]
    },
    "old": {
      "n":  [10, 12, 16, 19, 22, 27, 33, 39, 40],
      "e":  [14, 17, 21, 23, 26, 27, 30, 35, 40],
      "c":  [18, 20, 23, 25, 28, 30, 32, 36, 40],
      "a":  [23, 25, 26, 28, 30, 32, 35, 39, 40],
      "o":  [19, 23, 25, 28, 31, 33, 35, 39, 40],
      "lm": [ 6,  9, 11, 12, 14, 16, 18, 22, 24],
      "sm": [ 7, 11, 13, 14, 16, 17, 20, 23, 24],
      "mm": [ 7,  9, 10, 12, 13, 15, 16, 19, 24],
      "h":  [ 5,  7,  8,  9, 10, 11, 12, 13, 16]
    }
  }
}

